"INCIDENT_NUMBER","DATE_REPORTED","DATE_OCCURED","CRIME_TYPE","BIAS_MOTIVATION_GROUP","BAIS_TARGETED_AGAINST","UOR_DESC","NIBRS_CODE","UCR_HIERARCHY","ATT_COMP","LMPD_DIVISION","LMPD_BEAT","PREMISE_TYPE","BLOCK_ADDRESS","City","ZIP_CODE"
"80-12-009451","2012-02-04 11:00:00","2012-02-04 10:45:00","ASSAULT","ANTI-BLACK                                   ","OTHER PERSON                                           ","MENACING","13C","PART II","COMPLETED","7TH DIVISION","724","RESIDENCE / HOME","3500 BLOCK ORBIT CT                                         ","LOUISVILLE","40229"
"80-12-010761","2012-02-09 08:06:00","2012-02-06 14:20:00","VANDALISM","ANTI-MALE HOMOSEXUAL (GAY)                   ","OTHER PROPERTY OWNED BY TARGET GROUP                   ","CRIMINAL MISCHIEF-3RD DEGREE","290","PART II","COMPLETED","6TH DIVISION","613","SCHOOL - ELEMENTARY / SECONDARY","1500 BLOCK RANGELAND RD                                     ","LOUISVILLE","40219"
"80-12-039618","2012-05-19 06:12:00","2012-05-19 00:00:00","ASSAULT","ANTI-BLACK                                   ","RESIDENCE                                              ","HARASSMENT (NO PHYSICAL CONTACT)","13C","PART II","COMPLETED","7TH DIVISION","711","RESIDENCE / HOME","9800 BLOCK HOFELICH LN                                      ","LOUISVILLE","40291"
"80-12-040732","2012-05-23 09:19:00","2012-05-22 23:58:00","VANDALISM","ANTI-MALE HOMOSEXUAL (GAY)                   ","RESIDENCE                                              ","CRIMINAL MISCHIEF - 1ST DEGREE","290","PART II","COMPLETED","8TH DIVISION","823","RESIDENCE / HOME","1800 BLOCK ARNOLD PALMER BLVD                               ","LOUISVILLE","40245"
"80-12-043120","2012-05-31 12:33:00","2012-05-30 23:00:00","VANDALISM","ANTI-AMERICAN INDIAN/ALASKAN NATIVE          ","RESIDENCE                                              ","CRIMINAL MISCHIEF-3RD DEGREE","290","PART II","COMPLETED","1ST DIVISION","111","RESIDENCE / HOME","2200 BLOCK ST XAVIER ST                                     ","LOUISVILLE","40212"
"80-12-052941","2012-07-04 00:15:00","2012-07-03 23:36:00","ASSAULT","ANTI-BLACK                                   ","OTHER PERSON                                           ","WANTON ENDANGERMENT-1ST DEGREE","13A","PART I","COMPLETED","4TH DIVISION","424","PARKING LOT / GARAGE","S 3RD ST / CENTRAL AVE                                      ","LOUISVILLE","40214"
"80-12-057559","2012-07-20 12:05:00","2012-07-20 11:51:00","OTHER","ANTI-BLACK                                   ","OTHER PERSON                                           ","HARASSING COMMUNICATIONS","90Z","PART II","COMPLETED","5TH DIVISION","512","RESTAURANT","1200 BLOCK BARDSTOWN RD                                     ","LOUISVILLE","40204"
"80-12-059491","2012-07-27 07:09:00","2012-07-27 07:05:00","ASSAULT","ANTI-FEMALE HOMOSEXUAL (LESBIAN)             ","","ASSAULT - 4TH DEGREE (MINOR INJURY)","13B","PART II","COMPLETED","4TH DIVISION","411","HIGHWAY / ROAD / ALLEY","S 3RD ST / YORK ST                                          ","LOUISVILLE","40203"
"80-12-062148","2012-08-05 17:48:00","2012-08-05 17:40:00","ASSAULT","ANTI-MALE HOMOSEXUAL (GAY)                   ","OTHER PERSON                                           ","TERRORISTIC THREATENING 3RD DEGREE","13C","PART II","COMPLETED","5TH DIVISION","521","RESIDENCE / HOME","2700 BLOCK HOLLYWOOD TER                                    ","LOUISVILLE","40206"
"80-12-075129","2012-09-20 13:01:00","2012-09-19 21:15:00","ROBBERY","ANTI-WHITE                                   ","OTHER PERSON                                           ","ROBBERY - 1ST DEGREE","120","PART I","COMPLETED","1ST DIVISION","112","PARK / PLAYGROUND","S 29TH ST / MAGAZINE ST                                     ","LOUISVILLE","40211"
"80-12-093350","2012-11-25 01:40:00","2012-11-25 00:38:00","ASSAULT","ANTI-JEWISH                                  ","OTHER PERSON                                           ","TERRORISTIC THREATENING 3RD DEGREE","13C","PART II","COMPLETED","7TH DIVISION","711","RESIDENCE / HOME","5600 BLOCK KASEY WAY                                        ","LOUISVILLE","40291"
"80-12-095117","2012-12-01 09:19:00","2012-12-01 09:18:00","ASSAULT","ANTI-WHITE                                   ","OTHER PERSON                                           ","TERRORISTIC THREATENING 3RD DEGREE","13C","PART II","COMPLETED","4TH DIVISION","423","SPECIALTY STORE (TV, FUR, ETC)","3900 BLOCK 7TH STREET RD                                    ","LOUISVILLE","40216"
"80-12-098406","2012-12-12 18:00:00","2012-12-12 13:48:00","ASSAULT","ANTI-BLACK                                   ","","MENACING","13C","PART II","COMPLETED","8TH DIVISION","812","DEPARTMENT / DISCOUNT STORE","2200 BLOCK HOLIDAY MANOR CTR                                ","LOUISVILLE","40222"
"80-13-002700","2013-01-11 21:06:00","2013-01-11 21:00:00","ASSAULT","ANTI-WHITE                                   ","","ASSAULT - 4TH DEGREE (MINOR INJURY)","13B","PART II","COMPLETED","6TH DIVISION","612","OTHER / UNKNOWN","5600 BLOCK INDIAN OAKS CIR                                  ","LOUISVILLE","40219"
"80-13-003880","2013-01-16 18:45:00","2013-01-16 18:30:00","ASSAULT","ANTI-MALE HOMOSEXUAL (GAY)                   ","OTHER PERSON                                           ","HARASSMENT (NO PHYSICAL CONTACT)","13C","PART II","COMPLETED","1ST DIVISION","134","COMMERCIAL / OFFICE BUILDING","100 BLOCK W MARKET ST                                       ","LOUISVILLE","40202"
"80-13-012105","2013-02-18 17:45:00","2013-02-18 16:45:00","ASSAULT","ANTI-OTHER RACE/ETHNICITY/ANCESTRY           ","PUBLIC PROPERTY                                        ","ASSAULT - 4TH DEGREE (MINOR INJURY)","13B","PART II","COMPLETED","4TH DIVISION","436","HIGHWAY / ROAD / ALLEY","500 BLOCK W SOUTHLAND BLVD                                  ","LOUISVILLE","40214"
"80-13-020567","2013-03-23 23:45:00","2013-03-23 19:00:00","VANDALISM","ANTI-MALE HOMOSEXUAL (GAY)                   ","OTHER PROPERTY OWNED BY TARGET GROUP                   ","CRIMINAL MISCHIEF-3RD DEGREE","290","PART II","COMPLETED","1ST DIVISION","123","HIGHWAY / ROAD / ALLEY","N 6TH ST / W MAIN ST                                        ","LOUISVILLE","40202"
"80-13-021363","2013-03-27 16:57:00","2013-03-27 16:10:00","ASSAULT","ANTI-BLACK                                   ","","HARASSMENT - PHYSICAL CONTACT - NO INJURY","13B","PART II","COMPLETED","2ND DIVISION","211","RESIDENCE / HOME","3800 BLOCK BANK ST                                          ","LOUISVILLE","40212"
"80-13-025618","2013-04-12 18:11:00","2013-04-12 17:30:00","ROBBERY","ANTI-WHITE                                   ","OTHER PERSON                                           ","ROBBERY - 1ST DEGREE","120","PART I","COMPLETED","7TH DIVISION","736","PARK / PLAYGROUND","1100 BLOCK CLAY AVE                                         ","LOUISVILLE","40219"
"80-13-031364","2013-05-03 16:40:00","2013-05-03 07:00:00","VANDALISM","ANTI-OTHER RACE/ETHNICITY/ANCESTRY           ","RESIDENCE                                              ","CRIMINAL MISCHIEF - 1ST DEGREE","290","PART II","COMPLETED","6TH DIVISION","625","OTHER RESIDENCE (APARTMENT/CONDO)","4200 BLOCK WALLINGFORD LN                                   ","LOUISVILLE","40218"
"80-13-046379","2013-06-23 20:47:00","2013-06-23 20:47:00","ASSAULT","ANTI-MALE HOMOSEXUAL (GAY)                   ","","ASSAULT - 4TH DEGREE (MINOR INJURY)","13B","PART II","COMPLETED","6TH DIVISION","612","HIGHWAY / ROAD / ALLEY","5100 BLOCK CRAFTY DR                                        ","LOUISVILLE","40213"
"80-13-046456","2013-06-24 07:47:00","2013-06-24 06:00:00","ASSAULT","ANTI-BLACK                                   ","OTHER PERSON                                           ","ASSAULT - 2ND DEGREE","13A","PART I","COMPLETED","1ST DIVISION","135","HIGHWAY / ROAD / ALLEY","E BROADWAY / S CAMPBELL ST                                  ","LOUISVILLE","40204"
"80-13-049954","2013-07-06 16:39:00","2013-07-06 09:00:00","OTHER","ANTI-FEMALE HOMOSEXUAL (LESBIAN)             ","OTHER PROPERTY                                         ","HARASSING COMMUNICATIONS","90Z","PART II","COMPLETED","7TH DIVISION","711","RESIDENCE / HOME","6500 BLOCK KEELING PLACE RD                                 ","LOUISVILLE","40291"
"80-13-049954","2013-07-06 16:39:00","2013-07-06 09:00:00","ASSAULT","ANTI-FEMALE HOMOSEXUAL (LESBIAN)             ","OTHER PROPERTY                                         ","TERRORISTIC THREATENING 3RD DEGREE","13C","PART II","COMPLETED","7TH DIVISION","711","RESIDENCE / HOME","6500 BLOCK KEELING PLACE RD                                 ","LOUISVILLE","40291"
"80-13-049954","2013-07-06 16:39:00","2013-07-06 09:00:00","ASSAULT","ANTI-FEMALE HOMOSEXUAL (LESBIAN)             ","OTHER PROPERTY                                         ","MENACING","13C","PART II","COMPLETED","7TH DIVISION","711","RESIDENCE / HOME","6500 BLOCK KEELING PLACE RD                                 ","LOUISVILLE","40291"
"80-13-051746","2013-07-13 10:45:00","2013-07-13 10:45:00","ASSAULT","ANTI-WHITE                                   ","OTHER PERSON                                           ","WANTON ENDANGERMENT-1ST DEGREE-POLICE OFFICER","13A","PART I","COMPLETED","2ND DIVISION","211","HIGHWAY / ROAD / ALLEY","4100 BLOCK HERMAN ST                                        ","LOUISVILLE","40212"
"80-13-054769","2013-07-23 16:41:00","2013-07-23 16:35:00","ASSAULT","ANTI-BLACK                                   ","OTHER PERSON                                           ","WANTON ENDANGERMENT-2ND DEGREE","13C","PART II","COMPLETED","3RD DIVISION","315","PARKING LOT / GARAGE","5600 BLOCK JOHNSONTOWN RD                                   ","LOUISVILLE","40272"
"80-13-062752","2013-08-20 04:27:00","2013-08-20 04:27:00","VANDALISM","ANTI-ARAB                                    ","RESIDENCE                                              ","CRIMINAL MISCHIEF-3RD DEGREE","290","PART II","COMPLETED","3RD DIVISION","331","RESIDENCE / HOME","4900 BLOCK GRASTON AVE                                      ","LOUISVILLE","40216"
"80-13-078765","2013-10-14 00:26:00","2013-10-14 00:06:00","ASSAULT","ANTI-MULTI-RACIAL GROUP                      ","","WANTON ENDANGERMENT-1ST DEGREE","13A","PART I","COMPLETED","3RD DIVISION","322","HIGHWAY / ROAD / ALLEY","5300 BLOCK PARK RD                                          ","LOUISVILLE","40214"
"80-13-097141","2013-12-19 19:45:00","2013-12-19 19:35:00","VANDALISM","ANTI-WHITE                                   ","RESIDENCE                                              ","CRIMINAL MISCHIEF-2ND DEGREE","290","PART II","COMPLETED","2ND DIVISION","211","RESIDENCE / HOME","600 BLOCK S 35TH ST                                         ","LOUISVILLE","40211"
"80-14-000717","2014-01-03 16:55:00","2014-01-02 08:00:00","VANDALISM","ANTI-HISPANIC                                ","RESIDENCE                                              ","CRIMINAL MISCHIEF-3RD DEGREE","290","PART II","COMPLETED","6TH DIVISION","612","RESIDENCE / HOME","4400 BLOCK BREITENSTEIN AVE                                 ","LOUISVILLE","40213"
"80-14-011780","2014-02-17 10:56:00","2014-02-14 15:15:00","ASSAULT","ANTI-ARAB                                    ","","ASSAULT - 4TH DEGREE (NO VISIBLE INJURY)","13B","PART II","COMPLETED","1ST DIVISION","123","COMMERCIAL / OFFICE BUILDING","400 BLOCK S 4TH ST                                          ","LOUISVILLE","40202"
"80-14-014522","2014-02-28 11:39:00","2014-02-28 03:15:00","ASSAULT","ANTI-WHITE                                   ","","ASSAULT - 4TH DEGREE (MINOR INJURY)","13B","PART II","COMPLETED","1ST DIVISION","123","HIGHWAY / ROAD / ALLEY","1000 BLOCK FISK CT                                          ","LOUISVILLE","40203"
"80-14-021023","2014-03-26 10:49:00","2014-03-25 16:00:00","VANDALISM","ANTI-PROTESTANT                              ","","CRIMINAL MISCHIEF - 1ST DEGREE","290","PART II","COMPLETED","7TH DIVISION","724","CHURCH / SYNAGOGUE / TEMPLE","5400 BLOCK MOUNT WASHINGTON RD                              ","LOUISVILLE","40229"
"80-16-018148","2016-03-02 19:11:00","2016-03-01 16:00:00","ASSAULT","ANTI-TRANSGENDER                             ","OTHER PROPERTY                                         ","ASSAULT - 4TH DEGREE (NO VISIBLE INJURY)","13B","PART II","COMPLETED","1ST DIVISION","123","GOVERNMENT / PUBLIC BUILDING","200 BLOCK S 4TH ST                                          ","LOUISVILLE","40202"
"80-16-018010","2016-03-02 12:10:00","2016-03-01 16:30:00","ASSAULT","ANTI-BLACK                                   ","OTHER PROPERTY                                         ","ASSAULT - 4TH DEGREE (NO VISIBLE INJURY)","13B","PART II","COMPLETED","1ST DIVISION","424","FAIRGROUNDS / STADIUM / ARENA","200 BLOCK S 4TH ST                                          ","LOUISVILLE","40202"
"80-16-002971","2016-01-08 13:23:00","2016-01-08 13:23:00","ASSAULT","ANTI-ISLAMIC (MUSLIM)                        ","PLACE OF WORSHIP                                       ","HARASSMENT (NO PHYSICAL CONTACT)","13C","PART II","COMPLETED","8TH DIVISION","812","OTHER / UNKNOWN","8200 BLOCK OLD WESTPORT RD                                  ","LOUISVILLE","40222"
"80-15-104673","2015-12-23 15:10:00","2015-12-23 13:00:00","VANDALISM","ANTI-ISLAMIC (MUSLIM)                        ","RESIDENCE                                              ","CRIMINAL MISCHIEF-3RD DEGREE","290","PART II","COMPLETED","6TH DIVISION","624","RESIDENCE / HOME","4500 BLOCK FALLEN APPLE LN                                  ","LOUISVILLE","40218"
"80-15-093125","2015-11-16 07:48:00","2015-11-16 07:48:00","ASSAULT","ANTI-WHITE                                   ","OTHER PERSON                                           ","MENACING","13C","PART II","COMPLETED","3RD DIVISION","315","SCHOOL - ELEMENTARY / SECONDARY","10200 BLOCK DIXIE HWY                                       ","LOUISVILLE","40272"
"80-15-062512","2015-08-10 09:55:00","2015-08-10 09:00:00","ASSAULT","ANTI-BLACK                                   ","OTHER PERSON                                           ","TERRORISTIC THREATENING 3RD DEGREE","13C","PART II","COMPLETED","6TH DIVISION","624","COMMERCIAL / OFFICE BUILDING","4900 BLOCK HELLER ST                                        ","LOUISVILLE","40218"
"80-16-108865","2016-12-08 10:05:00","2016-11-17 21:57:00","ASSAULT","ANTI-BLACK                                   ","OTHER PERSON                                           ","TERRORISTIC THREATENING 3RD DEGREE","13C","PART II","COMPLETED","METRO LOUISVILLE","METRO","CYBERSPACE","COMMUNITY AT LARGE","LOUISVILLE",""
"80-15-054836","2015-07-16 09:21:00","2015-07-12 17:00:00","ASSAULT","ANTI-MALE HOMOSEXUAL (GAY)                   ","OTHER PERSON                                           ","HARASSMENT - PHYSICAL CONTACT - NO INJURY","13B","PART II","COMPLETED","8TH DIVISION","815","DRUG STORE/DR`S OFFICE/HOSPITAL","8500 BLOCK LA GRANGE RD                                     ","LYNDON","40242"
"80-15-050856","2015-07-02 15:00:00","2015-07-02 14:00:00","ASSAULT","ANTI-WHITE                                   ","","ASSAULT - 4TH DEGREE (MINOR INJURY)","13B","PART II","COMPLETED","4TH DIVISION","423","RESIDENCE / HOME","3700 BLOCK PARTHENIA AVE                                    ","LOUISVILLE","40215"
"80-15-021683","2015-03-26 11:04:00","2015-03-26 00:29:00","ASSAULT","ANTI-BLACK                                   ","","ASSAULT - 4TH DEGREE (MINOR INJURY)","13B","PART II","COMPLETED","5TH DIVISION","512","BAR / NIGHT CLUB","600 BLOCK BARRET AVE                                        ","LOUISVILLE","40204"
"80-15-016945","2015-03-09 22:00:00","2015-03-09 16:20:00","ASSAULT","ANTI-BLACK                                   ","OTHER PERSON                                           ","TERRORISTIC THREATENING 3RD DEGREE","13C","PART II","COMPLETED","5TH DIVISION","521","GROCERY / SUPERMARKET","2200 BLOCK BROWNSBORO RD                                    ","LOUISVILLE","40206"
"80-15-006428","2015-01-25 11:43:00","2015-01-25 10:30:00","ASSAULT","ANTI-WHITE                                   ","OTHER PERSON                                           ","TERRORISTIC THREATENING 3RD DEGREE","13C","PART II","COMPLETED","4TH DIVISION","436","PARKING LOT / GARAGE","500 BLOCK W ASHLAND AVE                                     ","LOUISVILLE","40214"
"80-14-094959","2014-12-10 09:03:00","2014-11-20 21:00:00","ASSAULT","ANTI-BLACK                                   ","BUSINESS                                               ","ASSAULT - 4TH DEGREE (NO VISIBLE INJURY)","13B","PART II","COMPLETED","8TH DIVISION","811","DOCK/WHARF/FREIGHT/MODAL TERMINAL","3000 BLOCK CHAMBERLAIN LN                                   ","LOUISVILLE","40241"
"80-14-088620","2014-11-15 22:41:00","2014-11-15 21:00:00","ASSAULT","ANTI-MENTAL DISABILITY                       ","","WANTON ENDANGERMENT-1ST DEGREE","13A","PART I","COMPLETED","2ND DIVISION","225","RESIDENCE / HOME","2100 BLOCK W HILL ST                                        ","LOUISVILLE","40210"
"80-14-085670","2014-11-05 16:46:00","2014-11-05 16:30:00","ASSAULT","ANTI-GLBT (AS A GROUP)                       ","OTHER PROPERTY OWNED BY TARGET GROUP                   ","HARASSMENT - PHYSICAL CONTACT - NO INJURY","13B","PART II","COMPLETED","5TH DIVISION","521","OTHER / UNKNOWN","2300 BLOCK FRANKFORT AVE                                    ","LOUISVILLE","40206"
"80-14-081567","2014-10-22 19:54:00","2014-10-22 19:50:00","ASSAULT","ANTI-WHITE                                   ","OTHER PERSON                                           ","ASSAULT - 2ND DEGREE","13A","PART I","COMPLETED","1ST DIVISION","112","PARK / PLAYGROUND","S 17TH ST / MAGAZINE ST                                     ","LOUISVILLE","40203"
"80-14-065211","2014-08-28 12:22:00","2014-06-11 13:55:00","OTHER","ANTI-FEMALE HOMOSEXUAL (LESBIAN)             ","CLERGY / RELIGIOUS PERSONS                             ","HARASSING COMMUNICATIONS","90Z","PART II","COMPLETED","4TH DIVISION","411","CHURCH / SYNAGOGUE / TEMPLE","300 BLOCK W KENTUCKY ST                                     ","LOUISVILLE","40203"
"80-14-058985","2014-08-07 12:19:00","2014-08-05 12:45:00","ASSAULT","ANTI-TRANSGENDER                             ","","ASSAULT - 2ND DEGREE","13A","PART I","COMPLETED","1ST DIVISION","112","HIGHWAY / ROAD / ALLEY","S 15TH ST / W BROADWAY                                      ","LOUISVILLE","40203"
"80-14-049644","2014-07-05 14:39:00","2014-07-04 20:30:00","ASSAULT","ANTI-BLACK                                   ","OTHER PERSON                                           ","ASSAULT - 1ST DEGREE","13A","PART I","COMPLETED","6TH DIVISION","611","RESIDENCE / HOME","1400 BLOCK TAYLOR AVE                                       ","LOUISVILLE","40213"
"80-14-049398","2014-07-04 16:22:00","2014-07-04 16:22:00","ASSAULT","ANTI-BLACK                                   ","","WANTON ENDANGERMENT-2ND DEGREE","13C","PART II","COMPLETED","6TH DIVISION","611","PARK / PLAYGROUND","1600 BLOCK LINCOLN AVE                                      ","LOUISVILLE","40213"
"80-14-023546","2014-04-04 21:18:00","2014-04-04 21:18:00","ROBBERY","ANTI-WHITE                                   ","","ROBBERY - 2ND DEGREE","120","PART I","COMPLETED","1ST DIVISION","111","PARK / PLAYGROUND","LAPORTE PARK                                                ","LOUISVILLE","40212"
"80-16-065343","2016-08-01 19:36:00","2016-07-09 19:36:00","ASSAULT","ANTI-BLACK                                   ","OTHER PERSON                                           ","TERRORISTIC THREATENING 3RD DEGREE","13C","PART II","COMPLETED","7TH DIVISION","723","OTHER / UNKNOWN","7200 BLOCK OUTER LOOP                                       ","LOUISVILLE","40228"
"80-16-061950","2016-07-21 21:50:00","2016-07-21 21:00:00","ASSAULT","ANTI-TRANSGENDER                             ","OTHER PERSON                                           ","ASSAULT - 4TH DEGREE (MINOR INJURY)","13B","PART II","COMPLETED","7TH DIVISION","711","LIQUOR STORE","6700 BLOCK BARDSTOWN RD                                     ","LOUISVILLE","40291"
"80-16-051263","2016-06-16 19:18:00","2016-06-16 10:30:00","OTHER","ANTI-ISLAMIC (MUSLIM)                        ","OTHER PERSON                                           ","HARASSING COMMUNICATIONS","90Z","PART II","COMPLETED","1ST DIVISION","123","SPECIALTY STORE (TV, FUR, ETC)","500 BLOCK S 3RD ST                                          ","LOUISVILLE","40202"
"80-16-035610","2016-04-27 19:00:00","2016-04-26 19:30:00","ASSAULT","ANTI-TRANSGENDER                             ","","TERRORISTIC THREATENING 3RD DEGREE","13C","PART II","COMPLETED","5TH DIVISION","512","SCHOOL - COLLEGE / UNIVERSITY","1200 BLOCK CHEROKEE RD                                      ","LOUISVILLE","40204"
"80-16-033783","2016-04-22 13:35:00","2016-04-22 12:00:00","ASSAULT","ANTI-JEWISH                                  ","OTHER PERSON                                           ","TERRORISTIC THREATENING 2ND DEGREE","13C","PART II","COMPLETED","3RD DIVISION","331","SCHOOL - COLLEGE / UNIVERSITY","5900 BLOCK GREENWOOD RD                                     ","LOUISVILLE","40258"
"80-16-080379","2016-09-19 11:21:00","2016-09-19 11:21:00","ASSAULT","ANTI-TRANSGENDER                             ","","TERRORISTIC THREATENING 3RD DEGREE","13C","PART II","COMPLETED","3RD DIVISION","331","SCHOOL - COLLEGE / UNIVERSITY","5900 BLOCK GREENWOOD RD                                     ","LOUISVILLE","40258"
"80-16-080981","2016-09-21 03:42:00","2016-09-21 03:35:00","ASSAULT","ANTI-BLACK                                   ","OTHER PERSON                                           ","TERRORISTIC THREATENING 3RD DEGREE","13C","PART II","COMPLETED","7TH DIVISION","724","HIGHWAY / ROAD / ALLEY","4000 BLOCK HISPANYOLA CT                                    ","LOUISVILLE","40229"
"80-16-089298","2016-10-18 11:14:00","2016-10-17 23:00:00","VANDALISM","ANTI-ISLAMIC (MUSLIM)                        ","RESIDENCE                                              ","CRIMINAL MISCHIEF-3RD DEGREE","290","PART II","COMPLETED","6TH DIVISION","625","OTHER RESIDENCE (APARTMENT/CONDO)","2900 BLOCK BRINKEY WAY                                      ","LOUISVILLE","40218"
"80-16-096663","2016-11-11 06:20:00","2016-11-11 04:30:00","VANDALISM","ANTI-BLACK                                   ","OTHER PERSON                                           ","CRIMINAL MISCHIEF-2ND DEGREE","290","PART II","COMPLETED","7TH DIVISION","724","RESIDENCE / HOME","9400 BLOCK CHAMBERS WAY                                     ","LOUISVILLE","40229"
"80-18-084407","2018-10-27 09:42:00","2018-10-27 09:41:00","ASSAULT","ANTI-MALE HOMOSEXUAL (GAY)                   ","OTHER PERSON                                           ","MENACING","13C","PART II","COMPLETED","1ST DIVISION","111","RESIDENCE / HOME","N 28TH ST / ST XAVIER ST                                    ","LOUISVILLE","40212"
"80-16-108865","2016-12-08 10:05:00","2016-11-17 21:57:00","FRAUD","ANTI-BLACK                                   ","OTHER PERSON                                           ","THEFT BY EXTORTION","210","PART II","ATTEMPTED","METRO LOUISVILLE","METRO","CYBERSPACE","COMMUNITY AT LARGE","LOUISVILLE",""
"80-16-109084","2016-12-22 19:42:00","2016-12-22 19:30:00","VANDALISM","ANTI-MALE HOMOSEXUAL (GAY)                   ","RESIDENCE                                              ","CRIMINAL MISCHIEF-3RD DEGREE","290","PART II","COMPLETED","3RD DIVISION","322","RESIDENCE / HOME","5300 BLOCK BUCKNER AVE                                      ","LOUISVILLE","40214"
"80-17-008039","2017-01-27 16:28:00","2017-01-27 05:19:00","OTHER","ANTI-JEWISH                                  ","PLACE OF WORSHIP                                       ","HARASSING COMMUNICATIONS","90Z","PART II","COMPLETED","6TH DIVISION","625","CHURCH / SYNAGOGUE / TEMPLE","4600 BLOCK LOWE RD                                          ","LOUISVILLE","40220"
"80-17-008391","2017-01-29 01:22:00","2017-01-29 01:10:00","VANDALISM","ANTI-BLACK                                   ","RESIDENCE                                              ","CRIMINAL MISCHIEF-2ND DEGREE","290","PART II","COMPLETED","2ND DIVISION","236","RESIDENCE / HOME","5000 BLOCK S OVERBROOK DR                                   ","LOUISVILLE","40216"
"80-18-098922","2018-12-19 11:09:00","2018-12-18 17:00:00","ASSAULT","ANTI-MALE HOMOSEXUAL (GAY)                   ","RESIDENCE                                              ","HARASSMENT (NO PHYSICAL CONTACT)","13C","PART II","COMPLETED","8TH DIVISION","815","RESIDENCE / HOME","100 BLOCK SOUTH HAMPTON RD                                  ","BELLEMEADE","40223"
"80-17-019236","2017-03-08 11:43:00","2017-03-08 00:30:00","ASSAULT","ANTI-JEWISH                                  ","OTHER PROPERTY OWNED BY TARGET GROUP                   ","TERRORISTIC THREATENING 3RD DEGREE","13C","PART II","COMPLETED","5TH DIVISION","514","COMMUNITY CENTER","3600 BLOCK DUTCHMANS LN                                     ","LOUISVILLE","40205"
"80-17-019557","2017-03-09 15:26:00","2017-03-09 15:26:00","ASSAULT","ANTI-GENDER NON-CONFORMING                   ","","TERRORISTIC THREATENING 3RD DEGREE","13C","PART II","COMPLETED","6TH DIVISION","624","CYBERSPACE","4500 BLOCK S HURSTBOURNE PKY                                ","LOUISVILLE","40299"
"80-17-020603","2017-03-13 17:46:00","2017-03-13 17:30:00","ASSAULT","ANTI-BLACK                                   ","OTHER PERSON                                           ","MENACING","13C","PART II","COMPLETED","7TH DIVISION","723","HIGHWAY / ROAD / ALLEY","7500 BLOCK ASTRID WAY                                       ","LOUISVILLE","40228"
"80-17-021725","2017-03-17 14:44:00","2017-03-17 14:40:00","ASSAULT","ANTI-WHITE                                   ","OTHER PERSON                                           ","ASSAULT - 4TH DEGREE (NO VISIBLE INJURY)","13B","PART II","COMPLETED","6TH DIVISION","624","HIGHWAY / ROAD / ALLEY","4300 BLOCK BARDSTOWN RD                                     ","LOUISVILLE","40218"
"80-17-025849","2017-04-01 10:56:00","2017-03-29 10:40:00","ASSAULT","ANTI-OTHER RACE/ETHNICITY/ANCESTRY           ","BUSINESS                                               ","ASSAULT - 4TH DEGREE (NO VISIBLE INJURY)","13B","PART II","COMPLETED","5TH DIVISION","521","HIGHWAY / ROAD / ALLEY","2000 BLOCK FRANKFORT AVE                                    ","LOUISVILLE","40206"
"80-17-062332","2017-08-01 21:01:00","2017-08-01 20:30:00","VANDALISM","ANTI-OTHER CHRISTIAN                         ","PLACE OF WORSHIP                                       ","CRIMINAL MISCHIEF-3RD DEGREE","290","PART II","COMPLETED","6TH DIVISION","625","CHURCH / SYNAGOGUE / TEMPLE","2400 BLOCK MERRIWOOD DR                                     ","FOREST_HILLS","40299"
"80-17-067071","2017-08-18 04:55:00","2017-08-18 03:40:00","ASSAULT","ANTI-BLACK                                   ","OTHER PERSON                                           ","TERRORISTIC THREATENING 3RD DEGREE","13C","PART II","COMPLETED","1ST DIVISION","123","HIGHWAY / ROAD / ALLEY","S 6TH ST / W MARKET ST                                      ","LOUISVILLE","40202"
"80-17-069187","2017-08-25 11:29:00","2017-08-25 11:15:00","ASSAULT","ANTI-OTHER RACE/ETHNICITY/ANCESTRY           ","","TERRORISTIC THREATENING 3RD DEGREE","13C","PART II","COMPLETED","7TH DIVISION","735","DEPARTMENT / DISCOUNT STORE","4800 BLOCK OUTER LOOP                                       ","LOUISVILLE","40219"
"80-17-071056","2017-08-31 21:19:00","2017-08-31 21:05:00","VANDALISM","ANTI-WHITE                                   ","RESIDENCE                                              ","CRIMINAL MISCHIEF-3RD DEGREE","290","PART II","COMPLETED","4TH DIVISION","423","RESIDENCE / HOME","1400 BLOCK CENTRAL AVE                                      ","LOUISVILLE","40208"
"80-17-071657","2017-09-03 00:23:00","2017-09-03 00:00:00","ASSAULT","ANTI-OTHER RACE/ETHNICITY/ANCESTRY           ","","ASSAULT - 4TH DEGREE (NO VISIBLE INJURY)","13B","PART II","COMPLETED","6TH DIVISION","625","BAR / NIGHT CLUB","BARDSTOWN RD / SIX MILE LN                                  ","LOUISVILLE","40218"
"80-17-079355","2017-09-28 21:48:00","2017-09-27 19:00:00","ASSAULT","ANTI-BLACK                                   ","RESIDENCE                                              ","HARASSMENT (NO PHYSICAL CONTACT)","13C","PART II","COMPLETED","3RD DIVISION","331","RESIDENCE / HOME","0 BLOCK WELBY RD                                            ","LOUISVILLE","40216"
"80-18-000387","2018-01-02 15:32:00","2018-01-01 14:00:00","VANDALISM","ANTI-BLACK                                   ","RESIDENCE                                              ","CRIMINAL MISCHIEF-3RD DEGREE","290","PART II","COMPLETED","4TH DIVISION","412","RESIDENCE / HOME","600 BLOCK ATWOOD ST                                         ","LOUISVILLE","40217"
"80-19-077880","2019-10-21 10:12:00","2019-10-09 07:30:00","ASSAULT","ANTI-OTHER RACE/ETHNICITY/ANCESTRY           ","OTHER PERSON                                           ","ASSAULT - 4TH DEGREE (NO VISIBLE INJURY)","13B","PART II","COMPLETED","3RD DIVISION","323","SCHOOL - ELEMENTARY / SECONDARY","1000 BLOCK FAIRDALE RD                                      ","LOUISVILLE","40118"
"80-18-008080","2018-01-31 18:27:00","2018-01-26 13:58:00","ASSAULT","ANTI-MULTI-RACIAL GROUP                      ","OTHER PERSON                                           ","TERRORISTIC THREATENING 3RD DEGREE","13C","PART II","COMPLETED","3RD DIVISION","323","CYBERSPACE","7500 BLOCK CONNOR WAY                                       ","LOUISVILLE","40214"
"80-18-008825","2018-02-03 21:13:00","2018-02-03 19:43:00","ASSAULT","ANTI-TRANSGENDER                             ","OTHER PERSON                                           ","ASSAULT - 4TH DEGREE (NO VISIBLE INJURY)","13B","PART II","COMPLETED","5TH DIVISION","514","RESTAURANT","3000 BLOCK BARDSTOWN RD                                     ","LOUISVILLE","40205"
"80-18-020350","2018-03-18 17:02:00","2018-03-18 16:30:00","ASSAULT","ANTI-BLACK                                   ","RESIDENCE                                              ","MENACING","13C","PART II","COMPLETED","6TH DIVISION","625","RESIDENCE / HOME","3000 BLOCK MID DALE LN                                      ","LOUISVILLE","40220"
"80-18-029825","2018-04-22 20:09:00","2018-04-22 20:09:00","ASSAULT","ANTI-BLACK                                   ","OTHER PERSON                                           ","WANTON ENDANGERMENT-2ND DEGREE","13C","PART II","COMPLETED","4TH DIVISION","423","HIGHWAY / ROAD / ALLEY","BERRY BLVD / TAYLOR BLVD                                    ","LOUISVILLE","40215"
"80-18-057558","2018-07-27 18:25:00","2018-07-26 15:15:00","ASSAULT","ANTI-MALE HOMOSEXUAL (GAY)                   ","OTHER PERSON                                           ","ASSAULT - 4TH DEGREE (MINOR INJURY)","13B","PART II","COMPLETED","4TH DIVISION","436","GOVERNMENT / PUBLIC BUILDING","600 BLOCK W WOODLAWN AVE                                    ","LOUISVILLE","40215"
"80-18-066575","2018-08-27 18:12:00","2018-08-25 22:00:00","ASSAULT","ANTI-JEWISH                                  ","RESIDENCE                                              ","TERRORISTIC THREATENING 3RD DEGREE","13C","PART II","COMPLETED","4TH DIVISION","424","RESIDENCE / HOME","4200 BLOCK S BROOK ST                                       ","LOUISVILLE","40214"
"80-18-084407","2018-10-27 09:42:00","2018-10-27 09:41:00","ROBBERY","ANTI-MALE HOMOSEXUAL (GAY)                   ","OTHER PERSON                                           ","ROBBERY - 1ST DEGREE","120","PART I","COMPLETED","1ST DIVISION","111","RESIDENCE / HOME","N 28TH ST / ST XAVIER ST                                    ","LOUISVILLE","40212"
"80-18-091555","2018-11-23 10:19:00","2018-11-23 08:00:00","ASSAULT","ANTI-TRANSGENDER                             ","","TERRORISTIC THREATENING 3RD DEGREE","13C","PART II","COMPLETED","4TH DIVISION","424","RACE TRACK/GAMBLING FACILITY","4000 BLOCK S 3RD ST                                         ","LOUISVILLE","40214"
"80-18-097626","2018-12-14 17:56:00","2018-12-14 16:56:00","ASSAULT","ANTI-OTHER RACE/ETHNICITY/ANCESTRY           ","","HARASSMENT (NO PHYSICAL CONTACT)","13C","PART II","COMPLETED","8TH DIVISION","815","RESIDENCE / HOME","1000 BLOCK DARBYSHIRE RD                                    ","LYNDON","40222"
"80-18-098149","2018-12-16 20:31:00","2018-12-15 21:00:00","ASSAULT","ANTI-MALE HOMOSEXUAL (GAY)                   ","RESIDENCE                                              ","HARASSMENT (NO PHYSICAL CONTACT)","13C","PART II","COMPLETED","8TH DIVISION","815","RESIDENCE / HOME","100 BLOCK SOUTH HAMPTON RD                                  ","BELLEMEADE","40223"
"80-18-098922","2018-12-19 11:09:00","2018-12-18 17:00:00","VANDALISM","ANTI-MALE HOMOSEXUAL (GAY)                   ","","CRIMINAL MISCHIEF-3RD DEGREE","290","PART II","COMPLETED","8TH DIVISION","815","RESIDENCE / HOME","100 BLOCK SOUTH HAMPTON RD                                  ","BELLEMEADE","40223"
"80-17-090602","2017-11-06 21:42:00","2017-11-05 19:30:00","ASSAULT","ANTI-BLACK                                   ","OTHER PERSON                                           ","HARASSMENT (NO PHYSICAL CONTACT)","13C","PART II","COMPLETED","7TH DIVISION","712","RESIDENCE / HOME","8300 BLOCK INDEPENDENCE SCHOOL RD                           ","LOUISVILLE","40228"
"80-18-100579","2018-12-25 23:13:00","2018-12-25 18:00:00","VANDALISM","ANTI-ARAB                                    ","","CRIMINAL MISCHIEF - 1ST DEGREE","290","PART II","COMPLETED","8TH DIVISION","823","PARKING LOT / GARAGE","3400 BLOCK BELLISSIMA PL                                    ","LOUISVILLE","40245"
"80-20-033395","2020-06-06 18:25:00","2020-06-06 18:16:00","ASSAULT","ANTI-MULTI-RACIAL GROUP                      ","","WANTON ENDANGERMENT-1ST DEGREE","13A","PART I","COMPLETED","6TH DIVISION","625","PARKING LOT / GARAGE","3000 BLOCK BRECKENRIDGE LN                                  ","LOUISVILLE","40220"
"80-20-033395","2020-06-06 18:25:00","2020-06-06 18:16:00","VANDALISM","ANTI-MULTI-RACIAL GROUP                      ","","CRIMINAL MISCHIEF - 1ST DEGREE","290","PART II","COMPLETED","6TH DIVISION","625","PARKING LOT / GARAGE","3000 BLOCK BRECKENRIDGE LN                                  ","LOUISVILLE","40220"
"80-18-100579","2018-12-25 23:13:00","2018-12-25 18:00:00","OTHER","ANTI-OTHER RACE/ETHNICITY/ANCESTRY           ","","BIAS INVOLVED INCIDENT","90Z","PART II","COMPLETED","8TH DIVISION","823","PARKING LOT / GARAGE","3400 BLOCK BELLISSIMA PL                                    ","LOUISVILLE","40245"
"80-20-033504","2020-06-07 11:00:00","2020-06-07 01:00:00","OTHER","ANTI-MULTI-RACIAL GROUP                      ","RESIDENCE                                              ","HARASSING COMMUNICATIONS","90Z","PART II","COMPLETED","8TH DIVISION","823","RESIDENCE / HOME","500 BLOCK EDGEFOREST PL                                     ","LOUISVILLE","40245"
"80-18-100788","2018-12-26 19:20:00","2018-12-19 18:00:00","ASSAULT","ANTI-BLACK                                   ","PLACE OF WORSHIP                                       ","HARASSMENT (NO PHYSICAL CONTACT)","13C","PART II","COMPLETED","4TH DIVISION","424","CHURCH / SYNAGOGUE / TEMPLE","3200 BLOCK TAYLOR BLVD                                      ","LOUISVILLE","40215"
"80-18-101383","2018-12-28 23:27:00","2018-12-27 00:14:00","ASSAULT","ANTI-BLACK                                   ","OTHER PERSON                                           ","TERRORISTIC THREATENING 3RD DEGREE","13C","PART II","COMPLETED","6TH DIVISION","625","CYBERSPACE","7600 BLOCK CHARRON RD                                       ","LOUISVILLE","40220"
"80-20-035437","2020-06-16 10:24:00","2020-06-16 03:26:00","VANDALISM","ANTI-BLACK                                   ","","CRIMINAL MISCHIEF-3RD DEGREE","290","PART II","COMPLETED","8TH DIVISION","823","RESIDENCE / HOME","500 BLOCK EDGEFOREST PL                                     ","LOUISVILLE","40245"
"80-20-035437","2020-06-16 10:24:00","2020-06-16 03:26:00","OTHER","ANTI-BLACK                                   ","","HARASSING COMMUNICATIONS","90Z","PART II","COMPLETED","8TH DIVISION","823","RESIDENCE / HOME","500 BLOCK EDGEFOREST PL                                     ","LOUISVILLE","40245"
"80-19-000107","2019-01-01 11:43:00","2019-01-01 11:30:00","ASSAULT","ANTI-WHITE                                   ","OTHER PERSON                                           ","ASSAULT - 4TH DEGREE (MINOR INJURY)","13B","PART II","COMPLETED","1ST DIVISION","135","HOMELESS SHELTER / MISSION","400 BLOCK E JEFFERSON ST                                    ","LOUISVILLE","40202"
"80-19-005490","2019-01-22 08:01:00","2017-01-01 08:00:00","ASSAULT","ANTI-MENTAL DISABILITY                       ","","KNOWINGLY EXPLOIT ADULT BY PERSON O/$300","90F","PART II","COMPLETED","4TH DIVISION","435","RESIDENCE / HOME","1500 BLOCK SHINGO AVE                                       ","LOUISVILLE","40215"
"80-19-007380","2019-01-29 15:31:00","2019-01-27 19:00:00","BURGLARY","ANTI-HINDU                                   ","PLACE OF WORSHIP                                       ","BURGLARY - 3RD DEGREE","220","PART I","COMPLETED","6TH DIVISION","624","CHURCH / SYNAGOGUE / TEMPLE","4000 BLOCK BARDSTOWN RD                                     ","LOUISVILLE","40218"
"80-19-026026","2019-04-12 21:47:00","2019-04-12 21:30:00","ASSAULT","ANTI-BLACK                                   ","","MENACING","13C","PART II","COMPLETED","3RD DIVISION","315","PARKING LOT / GARAGE","10100 BLOCK DIXIE HWY                                       ","LOUISVILLE","40272"
"80-20-037899","2020-06-27 11:43:00","2020-06-27 02:44:00","OTHER","ANTI-MULTI-RACIAL GROUP                      ","RESIDENCE                                              ","HARASSING COMMUNICATIONS","90Z","PART II","COMPLETED","8TH DIVISION","823","RESIDENCE / HOME","500 BLOCK EDGEFOREST PL                                     ","LOUISVILLE","40245"
"80-19-030872","2019-05-01 13:35:00","2019-05-01 05:00:00","ASSAULT","ANTI-MALE HOMOSEXUAL (GAY)                   ","OTHER PERSON                                           ","ASSAULT - 4TH DEGREE (MINOR INJURY)","13B","PART II","COMPLETED","3RD DIVISION","315","RESIDENCE / HOME","9000 BLOCK COTTINGHAM WAY                                   ","LOUISVILLE","40258"
"80-19-039731","2019-06-02 10:55:00","2019-06-02 10:50:00","ASSAULT","ANTI-ISLAMIC (MUSLIM)                        ","OTHER PERSON                                           ","TERRORISTIC THREATENING 3RD DEGREE","13C","PART II","COMPLETED","3RD DIVISION","323","RESIDENCE / HOME","9800 BLOCK KEYS FERRY RD                                    ","LOUISVILLE","40118"
"80-19-050144","2019-07-10 10:38:00","2019-07-04 00:30:00","VANDALISM","ANTI-GLBT (AS A GROUP)                       ","","CRIMINAL MISCHIEF-3RD DEGREE","290","PART II","COMPLETED","5TH DIVISION","513","CHURCH / SYNAGOGUE / TEMPLE","2000 BLOCK DOUGLASS BLVD                                    ","LOUISVILLE","40205"
"80-19-072386","2019-09-30 06:38:00","2019-09-30 03:30:00","ASSAULT","ANTI-TRANSGENDER                             ","OTHER PERSON                                           ","ASSAULT - 4TH DEGREE (MINOR INJURY)","13B","PART II","COMPLETED","5TH DIVISION","512","BAR / NIGHT CLUB","1000 BLOCK BARDSTOWN RD                                     ","LOUISVILLE","40204"
"80-20-046521","2020-08-05 12:18:00","2020-07-04 12:00:00","ASSAULT","ANTI-OTHER RACE/ETHNICITY/ANCESTRY           ","OTHER PERSON                                           ","TERRORISTIC THREATENING 3RD DEGREE","13C","PART II","COMPLETED","3RD DIVISION","322","CYBERSPACE","5300 BLOCK S 3RD ST                                         ","LOUISVILLE","40214"
"80-20-033395","2020-06-06 18:25:00","2020-06-06 18:16:00","ASSAULT","ANTI-MULTI-RACIAL GROUP                      ","","ASSAULT - 2ND DEGREE","13A","PART I","COMPLETED","6TH DIVISION","625","PARKING LOT / GARAGE","3000 BLOCK BRECKENRIDGE LN                                  ","LOUISVILLE","40220"
"80-19-081594","2019-11-04 10:00:00","2019-11-03 14:30:00","VANDALISM","ANTI-OTHER CHRISTIAN                         ","PLACE OF WORSHIP                                       ","CRIMINAL MISCHIEF-3RD DEGREE","290","PART II","COMPLETED","4TH DIVISION","423","CHURCH / SYNAGOGUE / TEMPLE","4400 BLOCK S 6TH ST                                         ","LOUISVILLE","40214"
"80-19-093734","2019-12-20 13:41:00","2019-12-20 08:00:00","ASSAULT","ANTI-HISPANIC                                ","OTHER PERSON                                           ","TERRORISTIC THREATENING 3RD DEGREE","13C","PART II","COMPLETED","6TH DIVISION","625","RESIDENCE / HOME","300 BLOCK CHANEL CT                                         ","LOUISVILLE","40218"
"80-20-055974","2020-09-18 18:50:00","2020-09-18 18:30:00","VANDALISM","ANTI-WHITE                                   ","OTHER PERSON                                           ","CRIMINAL MISCHIEF - 1ST DEGREE","290","PART II","COMPLETED","8TH DIVISION","824","HIGHWAY / ROAD / ALLEY","300 BLOCK N WHITTINGTON PKY                                 ","LOUISVILLE","40222"
"80-19-094851","2019-12-26 09:43:00","2019-12-26 05:35:00","ASSAULT","ANTI-BLACK                                   ","OTHER PERSON                                           ","TERRORISTIC THREATENING 3RD DEGREE","13C","PART II","COMPLETED","1ST DIVISION","111","PARKING LOT / GARAGE","1500 BLOCK W MAIN ST                                        ","LOUISVILLE","40203"
"80-20-056168","2020-09-19 19:10:00","2020-09-19 19:01:00","ASSAULT","ANTI-JEWISH                                  ","","ASSAULT - 2ND DEGREE","13A","PART I","COMPLETED","1ST DIVISION","123","HIGHWAY / ROAD / ALLEY","S 6TH ST / W JEFFERSON ST                                   ","LOUISVILLE","40202"
"80-20-056168","2020-09-19 19:10:00","2020-09-19 19:01:00","ASSAULT","ANTI-JEWISH                                  ","","ASSAULT - 4TH DEGREE (MINOR INJURY)","13B","PART II","COMPLETED","1ST DIVISION","123","HIGHWAY / ROAD / ALLEY","S 6TH ST / W JEFFERSON ST                                   ","LOUISVILLE","40202"
"80-20-003798","2020-01-16 16:20:00","2020-01-16 14:34:00","VANDALISM","ANTI-MULTI-RACIAL GROUP                      ","","CRIMINAL MISCHIEF - 1ST DEGREE","290","PART II","COMPLETED","4TH DIVISION","412","RESTAURANT","1100 BLOCK LOGAN ST                                         ","LOUISVILLE","40204"
"80-20-056861","2020-09-23 12:00:00","2020-09-23 11:59:00","THEFT/LARCENY","ANTI-MALE HOMOSEXUAL (GAY)                   ","OTHER PERSON                                           ","TBUT OR DISP FROM BLDG $500 OR > BUT < $10,000","23D","PART I","COMPLETED","2ND DIVISION","236","RESIDENCE / HOME","4300 BLOCK BAYBERRY DR                                      ","LOUISVILLE","40216"
"80-20-007373","2020-01-31 18:37:00","2020-01-31 17:37:00","ASSAULT","ANTI-MALE HOMOSEXUAL (GAY)                   ","OTHER PERSON                                           ","HARASSMENT (NO PHYSICAL CONTACT)","13C","PART II","COMPLETED","4TH DIVISION","423","DEPARTMENT / DISCOUNT STORE","3900 BLOCK 7TH STREET RD                                    ","LOUISVILLE","40216"
"80-20-009986","2020-02-12 08:30:00","2020-02-12 01:00:00","VANDALISM","ANTI-JEWISH                                  ","RESIDENCE                                              ","CRIMINAL MISCHIEF-3RD DEGREE","290","PART II","COMPLETED","5TH DIVISION","521","RESIDENCE / HOME","2700 BLOCK SHIPPEN AVE                                      ","LOUISVILLE","40206"
"80-20-009986","2020-02-12 08:30:00","2020-02-12 01:00:00","OTHER","ANTI-JEWISH                                  ","RESIDENCE                                              ","HARASSING COMMUNICATIONS","90Z","PART II","COMPLETED","5TH DIVISION","521","RESIDENCE / HOME","2700 BLOCK SHIPPEN AVE                                      ","LOUISVILLE","40206"
"80-20-026992","2020-05-06 16:47:00","2020-05-04 15:00:00","ASSAULT","ANTI-FEMALE HOMOSEXUAL (LESBIAN)             ","","TERRORISTIC THREATENING 3RD DEGREE","13C","PART II","COMPLETED","6TH DIVISION","613","RESIDENCE / HOME","900 BLOCK DONARD PARK AVE                                   ","LOUISVILLE","40218"
"80-20-031968","2020-05-31 13:28:00","2020-03-31 00:01:00","OTHER","ANTI-BLACK                                   ","","HARASSING COMMUNICATIONS","90Z","PART II","COMPLETED","6TH DIVISION","625","OTHER RESIDENCE (APARTMENT/CONDO)","3500 BLOCK BARDSTOWN RD                                     ","LOUISVILLE","40218"
"80-20-032391","2020-06-02 08:37:00","2020-06-02 01:04:00","VANDALISM","ANTI-BLACK                                   ","","CRIMINAL MISCHIEF - 1ST DEGREE","290","PART II","COMPLETED","5TH DIVISION","512","RESIDENCE / HOME","1300 BLOCK WINTER AVE                                       ","LOUISVILLE","40204"
"80-20-032655","2020-06-03 10:58:00","2020-01-01 12:00:00","OTHER","ANTI-BLACK                                   ","OTHER PERSON                                           ","HARASSING COMMUNICATIONS","90Z","PART II","COMPLETED","5TH DIVISION","521","RESIDENCE / HOME","600 BLOCK HIGHWOOD DR                                       ","LOUISVILLE","40206"
"80-20-063095","2020-10-22 20:11:00","2020-10-20 00:00:00","OTHER","ANTI-BLACK                                   ","","HARASSING COMMUNICATIONS","90Z","PART II","","6TH DIVISION","611","RESTAURANT","2400 BLOCK BRADLEY AVE                                      ","LOUISVILLE","40217"
"80-20-033504","2020-06-07 11:00:00","2020-06-07 01:00:00","VANDALISM","ANTI-MULTI-RACIAL GROUP                      ","RESIDENCE                                              ","CRIMINAL MISCHIEF-3RD DEGREE","290","PART II","COMPLETED","8TH DIVISION","823","RESIDENCE / HOME","500 BLOCK EDGEFOREST PL                                     ","LOUISVILLE","40245"
"80-20-065389","2020-11-02 11:27:00","2020-10-21 10:00:00","ASSAULT","ANTI-WHITE                                   ","OTHER PERSON                                           ","KIDNAPPING-ADULT","100","PART II","COMPLETED","5TH DIVISION","521","HIGHWAY / ROAD / ALLEY","2600 BLOCK LE BLANC CT                                      ","LOUISVILLE","40206"
"80-20-065389","2020-11-02 11:27:00","2020-10-21 10:00:00","ROBBERY","ANTI-WHITE                                   ","OTHER PERSON                                           ","ROBBERY - 1ST DEGREE","120","PART I","COMPLETED","5TH DIVISION","521","GROCERY / SUPERMARKET","2600 BLOCK LE BLANC CT                                      ","LOUISVILLE","40206"
"80-20-034248","2020-06-10 16:57:00","2020-06-10 16:30:00","ASSAULT","ANTI-WHITE                                   ","OTHER PERSON                                           ","ASSAULT - 4TH DEGREE (MINOR INJURY)","13B","PART II","COMPLETED","3RD DIVISION","315","GROCERY / SUPERMARKET","10400 BLOCK DIXIE HWY                                       ","LOUISVILLE","40272"
"80-20-035437","2020-06-16 10:24:00","2020-06-16 03:26:00","VANDALISM","ANTI-BLACK                                   ","","CRIMINAL MISCHIEF-2ND DEGREE","290","PART II","COMPLETED","8TH DIVISION","823","RESIDENCE / HOME","500 BLOCK EDGEFOREST PL                                     ","LOUISVILLE","40245"
"80-20-035598","2020-06-17 01:00:00","2020-06-16 23:45:00","ASSAULT","ANTI-BLACK                                   ","OTHER PERSON                                           ","TERRORISTIC THREATENING 3RD DEGREE","13C","PART II","COMPLETED","7TH DIVISION","711","RESIDENCE / HOME","9500 BLOCK ELM LAKE DR                                      ","LOUISVILLE","40291"
"80-20-036548","2020-06-21 04:26:00","2020-06-21 04:24:00","VANDALISM","ANTI-BLACK                                   ","RESIDENCE                                              ","CRIMINAL MISCHIEF - 1ST DEGREE","290","PART II","COMPLETED","4TH DIVISION","423","RESIDENCE / HOME","3700 BLOCK POWELL AVE                                       ","LOUISVILLE","40215"
"80-20-037388","2020-06-24 23:20:00","2020-06-24 22:50:00","ASSAULT","ANTI-BLACK                                   ","OTHER PERSON                                           ","WANTON ENDANGERMENT-1ST DEGREE","13A","PART I","COMPLETED","5TH DIVISION","525","HIGHWAY / ROAD / ALLEY","300 BLOCK FOX RUN RD                                        ","BEECHWOOD_VILLAGE","40207"
"80-21-011047","2021-02-26 17:46:00","2021-02-26 16:52:00","ASSAULT","ANTI-WHITE                                   ","OTHER PERSON                                           ","TERRORISTIC THREATENING 3RD DEGREE","13C","PART II","COMPLETED","3RD DIVISION","315","SPECIALTY STORE (TV, FUR, ETC)","10900 BLOCK DIXIE HWY                                       ","LOUISVILLE","40272"
"80-20-037899","2020-06-27 11:43:00","2020-06-27 02:44:00","VANDALISM","ANTI-MULTI-RACIAL GROUP                      ","RESIDENCE                                              ","CRIMINAL MISCHIEF-3RD DEGREE","290","PART II","COMPLETED","8TH DIVISION","823","RESIDENCE / HOME","500 BLOCK EDGEFOREST PL                                     ","LOUISVILLE","40245"
"80-20-039193","2020-07-03 07:57:00","2020-07-03 07:47:00","ASSAULT","ANTI-BLACK                                   ","OTHER PERSON                                           ","WANTON ENDANGERMENT-1ST DEGREE","13A","PART I","COMPLETED","3RD DIVISION","322","PARKING LOT / GARAGE","5500 BLOCK NATIONAL TPKE                                    ","LOUISVILLE","40214"
"80-20-042135","2020-07-16 13:30:00","2020-07-16 13:00:00","ASSAULT","ANTI-BLACK                                   ","","HARASSMENT (NO PHYSICAL CONTACT)","13C","PART II","COMPLETED","6TH DIVISION","625","RESIDENCE / HOME","3200 BLOCK HIKES LN                                         ","LOUISVILLE","40220"
"80-20-045762","2020-08-02 01:30:00","2020-08-01 23:40:00","ASSAULT","ANTI-BLACK                                   ","OTHER PERSON                                           ","TERRORISTIC THREATENING 3RD DEGREE","13C","PART II","COMPLETED","7TH DIVISION","736","SERVICE / GAS STATION","9200 BLOCK PRESTON HWY                                      ","LOUISVILLE","40229"
"80-20-046521","2020-08-05 12:18:00","2020-07-04 12:00:00","OTHER","ANTI-OTHER RACE/ETHNICITY/ANCESTRY           ","BUSINESS                                               ","HARASSING COMMUNICATIONS","90Z","PART II","COMPLETED","3RD DIVISION","322","CYBERSPACE","5300 BLOCK S 3RD ST                                         ","LOUISVILLE","40214"
"80-20-033391","2020-06-06 18:34:00","2020-06-05 22:49:00","ASSAULT","ANTI-JEWISH                                  ","","TERRORISTIC THREATENING 3RD DEGREE","13C","PART II","COMPLETED","6TH DIVISION","613","RESIDENCE / HOME","4400 BLOCK KILN CT                                          ","LOUISVILLE","40218"
"80-20-051830","2020-08-30 07:45:00","2020-04-01 00:00:00","VANDALISM","ANTI-BLACK                                   ","","CRIMINAL MISCHIEF-3RD DEGREE","290","PART II","COMPLETED","3RD DIVISION","331","OTHER RESIDENCE (APARTMENT/CONDO)","6500 BLOCK HACKEL DR                                        ","LOUISVILLE","40258"
"80-20-055974","2020-09-18 18:50:00","2020-09-18 18:30:00","ASSAULT","ANTI-WHITE                                   ","OTHER PERSON                                           ","WANTON ENDANGERMENT-1ST DEGREE","13A","PART I","COMPLETED","8TH DIVISION","824","HIGHWAY / ROAD / ALLEY","300 BLOCK N WHITTINGTON PKY                                 ","LOUISVILLE","40222"
"80-20-056168","2020-09-19 19:10:00","2020-09-19 19:01:00","VANDALISM","ANTI-JEWISH                                  ","","CRIMINAL MISCHIEF - 1ST DEGREE","290","PART II","COMPLETED","1ST DIVISION","123","HIGHWAY / ROAD / ALLEY","S 6TH ST / W JEFFERSON ST                                   ","LOUISVILLE","40202"
"80-20-056861","2020-09-23 12:00:00","2020-09-23 11:59:00","ASSAULT","ANTI-MALE HOMOSEXUAL (GAY)                   ","OTHER PERSON                                           ","TERRORISTIC THREATENING 3RD DEGREE","13C","PART II","COMPLETED","2ND DIVISION","236","RESIDENCE / HOME","4300 BLOCK BAYBERRY DR                                      ","LOUISVILLE","40216"
"80-20-058251","2020-09-30 15:14:00","2020-09-26 19:00:00","ASSAULT","ANTI-BLACK                                   ","","TERRORISTIC THREATENING 3RD DEGREE","13C","PART II","COMPLETED","4TH DIVISION","411","OTHER RESIDENCE (APARTMENT/CONDO)","800 BLOCK S 4TH ST                                          ","LOUISVILLE","40203"
"80-20-059472","2020-10-06 17:34:00","2020-10-06 17:04:00","ASSAULT","ANTI-BLACK                                   ","RESIDENCE                                              ","TERRORISTIC THREATENING 3RD DEGREE","13C","PART II","COMPLETED","5TH DIVISION","521","RESIDENCE / HOME","2000 BLOCK BROWNSBORO RD                                    ","LOUISVILLE","40206"
"80-20-059852","2020-10-08 13:41:00","2020-10-08 12:44:00","ASSAULT","ANTI-BLACK                                   ","","TERRORISTIC THREATENING 3RD DEGREE","13C","PART II","COMPLETED","3RD DIVISION","315","PARKING LOT / GARAGE","5400 BLOCK VALLEY STATION RD                                ","LOUISVILLE","40272"
"80-20-060485","2020-10-11 14:00:00","2020-10-11 14:00:00","ASSAULT","ANTI-HISPANIC                                ","","TERRORISTIC THREATENING 3RD DEGREE","13C","PART II","COMPLETED","7TH DIVISION","736","RESIDENCE / HOME","9100 BLOCK WILLOWCREEK DR                                   ","LOUISVILLE","40219"
"80-20-062658","2020-10-21 01:40:00","2020-10-18 01:40:00","ASSAULT","ANTI-MULTI-RACIAL GROUP                      ","RESIDENCE                                              ","ASSAULT - 4TH DEGREE (NO VISIBLE INJURY)","13B","PART II","COMPLETED","4TH DIVISION","412","RESIDENCE / HOME","1100 BLOCK SYLVIA ST                                        ","LOUISVILLE","40217"
"80-20-062997","2020-10-22 12:27:00","2020-10-09 12:00:00","ASSAULT","ANTI-BLACK                                   ","","TERRORISTIC THREATENING 3RD DEGREE","13C","PART II","COMPLETED","5TH DIVISION","525","SPECIALTY STORE (TV, FUR, ETC)","4400 BLOCK SHELBYVILLE RD                                   ","LOUISVILLE","40207"
"80-20-063095","2020-10-22 20:11:00","2020-10-20 00:00:00","ASSAULT","ANTI-BLACK                                   ","","TERRORISTIC THREATENING 3RD DEGREE","13C","PART II","COMPLETED","6TH DIVISION","611","RESIDENCE / HOME","2400 BLOCK BRADLEY AVE                                      ","LOUISVILLE","40217"
"80-20-065389","2020-11-02 11:27:00","2020-10-21 10:00:00","SEX CRIMES","ANTI-WHITE                                   ","OTHER PERSON                                           ","RAPE - 1ST DEGREE","11A","PART I","COMPLETED","5TH DIVISION","521","RESIDENCE / HOME","2600 BLOCK LE BLANC CT                                      ","LOUISVILLE","40206"
"80-21-002737","2021-01-14 09:00:00","2021-01-13 17:30:00","ASSAULT","ANTI-MALE HOMOSEXUAL (GAY)                   ","","MENACING","13C","PART II","COMPLETED","7TH DIVISION","711","OTHER RESIDENCE (APARTMENT/CONDO)","9800 BLOCK MICHAEL EDWARD DR                                ","LOUISVILLE","40291"
"80-21-003781","2021-01-19 13:59:00","2021-01-16 17:00:00","VANDALISM","ANTI-GENDER NON-CONFORMING                   ","BUSINESS                                               ","CRIMINAL MISCHIEF - 1ST DEGREE","290","PART II","COMPLETED","4TH DIVISION","411","GOVERNMENT / PUBLIC BUILDING","1200 BLOCK S 4TH ST                                         ","LOUISVILLE","40203"
"80-21-005382","2021-01-27 13:17:00","2021-01-24 15:30:00","OTHER","ANTI-BLACK                                   ","","UNLAWFUL ACCESS TO COMPUTER - 4TH DEGREE","90Z","PART II","COMPLETED","4TH DIVISION","435","CYBERSPACE","4300 BLOCK LAHNNA DR                                        ","LOUISVILLE","40216"
"80-21-009885","2021-02-20 20:19:00","2021-02-20 20:10:00","ASSAULT","ANTI-BLACK                                   ","","TERRORISTIC THREATENING 3RD DEGREE","13C","PART II","COMPLETED","1ST DIVISION","123","HIGHWAY / ROAD / ALLEY","W MUHAMMAD ALI BLVD / ROY WILKINS AVE                       ","LOUISVILLE","40203"
"80-21-011047","2021-02-26 17:46:00","2021-02-26 16:52:00","ROBBERY","ANTI-WHITE                                   ","OTHER PERSON                                           ","ROBBERY - 2ND DEGREE","120","PART I","COMPLETED","3RD DIVISION","315","SPECIALTY STORE (TV, FUR, ETC)","10900 BLOCK DIXIE HWY                                       ","LOUISVILLE","40272"
"80-21-012171","2021-03-04 11:47:00","2021-01-26 07:00:00","VANDALISM","ANTI-BLACK                                   ","OTHER PROPERTY                                         ","CRIMINAL MISCHIEF-3RD DEGREE","290","PART II","COMPLETED","6TH DIVISION","611","GROCERY / SUPERMARKET","4000 BLOCK POPLAR LEVEL RD                                  ","LOUISVILLE","40213"
"80-21-061951","2021-10-20 22:01:00","2021-10-20 20:55:00","ASSAULT","ANTI-BLACK                                   ","","HARASSMENT (NO PHYSICAL CONTACT)","13C","PART II","COMPLETED","8TH DIVISION","823","RESIDENCE / HOME","500 BLOCK EDGEFOREST PL                                     ","LOUISVILLE","40245"
"80-21-061951","2021-10-20 22:01:00","2021-10-20 20:55:00","DISTURBING THE PEACE","ANTI-BLACK                                   ","","CRIMINAL TRESPASSING-3RD DEGREE","90J","PART II","COMPLETED","8TH DIVISION","823","RESIDENCE / HOME","500 BLOCK EDGEFOREST PL                                     ","LOUISVILLE","40245"
"80-21-012385","2021-03-05 11:04:00","2021-03-05 10:04:00","ASSAULT","ANTI-BLACK                                   ","OTHER PERSON                                           ","MENACING","13C","PART II","COMPLETED","4TH DIVISION","411","CONVENIENCE STORE","1100 BLOCK S 4TH ST                                         ","LOUISVILLE","40203"
"80-21-014816","2021-03-17 09:15:00","2021-03-17 06:15:00","ASSAULT","ANTI-WHITE                                   ","OTHER PERSON                                           ","WANTON ENDANGERMENT-1ST DEGREE","13A","PART I","COMPLETED","2ND DIVISION","225","RESIDENCE / HOME","2100 BLOCK W BURNETT AVE                                    ","LOUISVILLE","40210"
"80-21-016372","2021-03-24 18:30:00","2021-03-24 18:25:00","ASSAULT","ANTI-WHITE                                   ","","ASSAULT - 4TH DEGREE (MINOR INJURY)","13B","PART II","COMPLETED","6TH DIVISION","612","OTHER / UNKNOWN","5700 BLOCK PRESTON HWY                                      ","LOUISVILLE","40219"
"80-21-019436","2021-04-07 19:30:00","2021-04-07 18:30:00","ASSAULT","ANTI-ASIAN                                   ","","HARASSMENT - PHYSICAL CONTACT - NO INJURY","13B","PART II","COMPLETED","1ST DIVISION","112","GROCERY / SUPERMARKET","2700 BLOCK W BROADWAY                                       ","LOUISVILLE","40211"
"80-21-020233","2021-04-11 15:57:00","2021-04-10 17:00:00","SEX CRIMES","ANTI-TRANSGENDER                             ","","SODOMY - 1ST DEGREE","11B","PART I","COMPLETED","4TH DIVISION","412","HOMELESS SHELTER / MISSION","1000 BLOCK S JACKSON ST                                     ","LOUISVILLE","40203"
"80-20-049169","2020-08-17 08:38:00","2020-08-15 11:30:00","ASSAULT","ANTI-BLACK                                   ","","HARASSMENT (NO PHYSICAL CONTACT)","13C","PART II","COMPLETED","8TH DIVISION","823","PARK / PLAYGROUND","1400 BLOCK BECKLEY CREEK PKY                                ","LOUISVILLE","40245"
"80-21-024360","2021-05-01 09:19:00","2021-04-30 18:00:00","ASSAULT","ANTI-FEMALE HOMOSEXUAL (LESBIAN)             ","","TERRORISTIC THREATENING 3RD DEGREE","13C","PART II","COMPLETED","5TH DIVISION","521","RESIDENCE / HOME","1700 BLOCK FRANKFORT AVE                                    ","LOUISVILLE","40206"
"80-21-025780","2021-05-07 14:17:00","2021-04-04 11:00:00","OTHER","ANTI-BLACK                                   ","","HARASSING COMMUNICATIONS","90Z","PART II","COMPLETED","4TH DIVISION","411","RESIDENCE / HOME","0 BLOCK COLLEGE CT                                          ","LOUISVILLE","40203"
"80-21-026333","2021-05-10 12:35:00","2021-04-29 17:30:00","ASSAULT","ANTI-MALE HOMOSEXUAL (GAY)                   ","OTHER PERSON                                           ","TERRORISTIC THREATENING 3RD DEGREE","13C","PART II","COMPLETED","1ST DIVISION","123","JAIL / PENITENTARY","400 BLOCK S 6TH ST                                          ","LOUISVILLE","40202"
"80-22-024242","2022-05-05 04:42:00","2022-05-05 03:30:00","VANDALISM","ANTI-BLACK                                   ","","CRIMINAL MISCHIEF-2ND DEGREE","290","PART II","COMPLETED","5TH DIVISION","512","HIGHWAY / ROAD / ALLEY","1100 BLOCK BARDSTOWN RD                                     ","LOUISVILLE","40204"
"80-21-026473","2021-05-10 23:28:00","2021-05-10 21:30:00","ASSAULT","ANTI-JEWISH                                  ","","TERRORISTIC THREATENING 2ND DEGREE","13C","PART II","COMPLETED","1ST DIVISION","135","DRUG STORE/DR`S OFFICE/HOSPITAL","200 BLOCK E CHESTNUT ST                                     ","LOUISVILLE","40202"
"80-21-030859","2021-05-30 22:38:00","2021-05-30 21:15:00","ASSAULT","ANTI-BLACK                                   ","","WANTON ENDANGERMENT-1ST DEGREE","13A","PART I","COMPLETED","7TH DIVISION","711","PARKING LOT / GARAGE","6900 BLOCK BARDSTOWN RD                                     ","LOUISVILLE","40291"
"80-22-028024","2022-05-21 20:13:00","2022-05-21 17:30:00","VANDALISM","ANTI-HISPANIC                                ","","CRIMINAL MISCHIEF - 1ST DEGREE","290","PART II","COMPLETED","7TH DIVISION","724","HIGHWAY / ROAD / ALLEY","@I65N AT I265                                               ","LOUISVILLE","40229"
"80-21-030859","2021-05-30 22:38:00","2021-05-30 21:15:00","ASSAULT","ANTI-BLACK                                   ","","HARASSMENT (NO PHYSICAL CONTACT)","13C","PART II","COMPLETED","7TH DIVISION","711","PARKING LOT / GARAGE","6900 BLOCK BARDSTOWN RD                                     ","LOUISVILLE","40291"
"80-21-033764","2021-06-12 16:01:00","2021-06-10 00:30:00","OTHER","ANTI-GLBT (AS A GROUP)                       ","RESIDENCE                                              ","HARASSING COMMUNICATIONS","90Z","PART II","COMPLETED","6TH DIVISION","624","OTHER RESIDENCE (APARTMENT/CONDO)","4300 BLOCK NORBROOK DR                                      ","LOUISVILLE","40218"
"80-21-034566","2021-06-16 08:26:00","2021-06-16 01:00:00","VANDALISM","ANTI-CATHOLIC                                ","PLACE OF WORSHIP                                       ","CRIMINAL MISCHIEF-3RD DEGREE","290","PART II","COMPLETED","5TH DIVISION","521","CHURCH / SYNAGOGUE / TEMPLE","600 BLOCK N HITE AVE                                        ","LOUISVILLE","40206"
"80-21-038802","2021-07-05 00:55:00","2021-07-05 00:29:00","OTHER","ANTI-BLACK                                   ","","HARASSING COMMUNICATIONS","90Z","PART II","COMPLETED","1ST DIVISION","123","RESTAURANT","700 BLOCK W BROADWAY                                        ","LOUISVILLE","40202"
"80-21-039904","2021-07-09 22:05:00","2021-07-08 10:45:00","ASSAULT","ANTI-BLACK                                   ","","TERRORISTIC THREATENING 3RD DEGREE","13C","PART II","COMPLETED","8TH DIVISION","824","OTHER / UNKNOWN","2000 BLOCK NELSON MILLER PKY                                ","LOUISVILLE","40223"
"80-21-049905","2021-08-24 20:57:00","2021-08-24 19:57:00","BURGLARY","ANTI-BLACK                                   ","","BURGLARY - 2ND DEGREE","220","PART I","COMPLETED","4TH DIVISION","424","RESIDENCE / HOME","700 BLOCK BURTON AVE                                        ","LOUISVILLE","40208"
"80-21-051143","2021-08-30 16:45:00","2021-08-17 08:00:00","OTHER","ANTI-MULTI-RACIAL GROUP                      ","BUSINESS                                               ","HARASSING COMMUNICATIONS","90Z","PART II","COMPLETED","8TH DIVISION","823","CYBERSPACE","1900 BLOCK EGMONT RIDGE WAY                                 ","LOUISVILLE","40245"
"80-21-056145","2021-09-23 18:23:00","2021-09-10 07:37:00","OTHER","ANTI-BLACK                                   ","","HARASSING COMMUNICATIONS","90Z","PART II","COMPLETED","3RD DIVISION","315","RESIDENCE / HOME","7800 BLOCK COLUMBINE DR                                     ","LOUISVILLE","40258"
"80-21-057183","2021-09-28 15:14:00","2021-09-28 15:05:00","ASSAULT","ANTI-ISLAMIC (MUSLIM)                        ","","WANTON ENDANGERMENT-1ST DEGREE","13A","PART I","COMPLETED","1ST DIVISION","134","HIGHWAY / ROAD / ALLEY","@5.8 I64W                                                   ","LOUISVILLE","40206"
"80-21-057546","2021-09-30 10:38:00","2021-09-24 16:55:00","ASSAULT","ANTI-GLBT (AS A GROUP)                       ","","TERRORISTIC THREATENING 2ND DEGREE","13C","PART II","COMPLETED","1ST DIVISION","135","CHURCH / SYNAGOGUE / TEMPLE","400 BLOCK E BROADWAY                                        ","LOUISVILLE","40202"
"80-21-059593","2021-10-10 11:54:00","2021-10-10 09:52:00","VANDALISM","ANTI-GLBT (AS A GROUP)                       ","OTHER PROPERTY OWNED BY TARGET GROUP                   ","CRIMINAL MISCHIEF-2ND DEGREE","290","PART II","COMPLETED","5TH DIVISION","514","CHURCH / SYNAGOGUE / TEMPLE","3600 BLOCK DUTCHMANS LN                                     ","LOUISVILLE","40205"
"80-21-061951","2021-10-20 22:01:00","2021-10-20 20:55:00","ASSAULT","ANTI-BLACK                                   ","","VIOLATION OF IPO","90F","PART II","COMPLETED","8TH DIVISION","823","RESIDENCE / HOME","500 BLOCK EDGEFOREST PL                                     ","LOUISVILLE","40245"
"80-21-067170","2021-11-14 20:16:00","2021-11-14 20:00:00","VANDALISM","ANTI-HISPANIC                                ","OTHER PROPERTY                                         ","CRIMINAL MISCHIEF-2ND DEGREE","290","PART II","COMPLETED","6TH DIVISION","625","PARKING LOT / GARAGE","2600 BLOCK MEADOW DR                                        ","LOUISVILLE","40220"
"80-21-069721","2021-11-28 08:32:00","2021-11-27 08:32:00","OTHER","ANTI-BLACK                                   ","","HARASSING COMMUNICATIONS","90Z","PART II","COMPLETED","6TH DIVISION","612","OTHER RESIDENCE (APARTMENT/CONDO)","5500 BLOCK INDIAN OAKS CIR                                  ","LOUISVILLE","40219"
"80-21-076153","2021-12-31 09:45:00","2021-12-31 09:30:00","ASSAULT","ANTI-ARAB                                    ","OTHER PERSON                                           ","TERRORISTIC THREATENING 3RD DEGREE","13C","PART II","COMPLETED","8TH DIVISION","811","SPECIALTY STORE (TV, FUR, ETC)","4100 BLOCK MURPHY LN                                        ","LOUISVILLE","40241"
"80-22-012929","2022-03-10 14:59:00","2022-03-09 16:00:00","ASSAULT","ANTI-BLACK                                   ","","WANTON ENDANGERMENT-1ST DEGREE","13A","PART I","COMPLETED","3RD DIVISION","322","RESTAURANT","5400 BLOCK NEW CUT RD                                       ","LOUISVILLE","40214"
"80-22-014806","2022-03-20 11:58:00","2022-03-20 11:00:00","ASSAULT","ANTI-BLACK                                   ","","TERRORISTIC THREATENING 3RD DEGREE","13C","PART II","COMPLETED","3RD DIVISION","315","RESIDENCE / HOME","9900 BLOCK LOWER RIVER RD                                   ","LOUISVILLE","40272"
"80-22-014898","2022-03-20 23:15:00","2022-03-20 23:10:00","ROBBERY","ANTI-MALE HOMOSEXUAL (GAY)                   ","","ROBBERY - 2ND DEGREE","120","PART I","COMPLETED","4TH DIVISION","423","SERVICE / GAS STATION","3900 BLOCK TAYLOR BLVD                                      ","LOUISVILLE","40215"
"80-21-022873","2021-04-24 12:21:00","2021-04-24 05:00:00","VANDALISM","ANTI-ASIAN                                   ","","CRIMINAL MISCHIEF-2ND DEGREE","290","PART II","COMPLETED","8TH DIVISION","812","RESIDENCE / HOME","2800 BLOCK SHOEMAKER DR                                     ","LOUISVILLE","40241"
"80-22-022201","2022-04-25 15:40:00","2022-04-24 20:00:00","ROBBERY","ANTI-WHITE                                   ","","ROBBERY - 2ND DEGREE","120","PART I","COMPLETED","1ST DIVISION","135","HIGHWAY / ROAD / ALLEY","E BROADWAY / S SHELBY ST                                    ","LOUISVILLE","40202"
"80-22-024242","2022-05-05 04:42:00","2022-05-05 03:30:00","ASSAULT","ANTI-BLACK                                   ","","ASSAULT - 4TH DEGREE (MINOR INJURY)","13B","PART II","COMPLETED","5TH DIVISION","512","HIGHWAY / ROAD / ALLEY","1100 BLOCK BARDSTOWN RD                                     ","LOUISVILLE","40204"
"80-22-025768","2022-05-11 20:36:00","2022-05-11 20:25:00","ASSAULT","ANTI-MULTI-RACIAL GROUP                      ","","TERRORISTIC THREATENING 3RD DEGREE","13C","PART II","COMPLETED","3RD DIVISION","331","RESIDENCE / HOME","2500 BLOCK PADDOCK LN                                       ","LOUISVILLE","40216"
"80-22-028024","2022-05-21 20:13:00","2022-05-21 17:30:00","ASSAULT","ANTI-HISPANIC                                ","","MENACING","13C","PART II","COMPLETED","7TH DIVISION","724","SERVICE / GAS STATION","@I65N AT I265                                               ","LOUISVILLE","40229"
"80-22-029758","2022-05-30 14:13:00","2022-05-30 14:13:00","ASSAULT","ANTI-MALE HOMOSEXUAL (GAY)                   ","","HARASSMENT (NO PHYSICAL CONTACT)","13C","PART II","COMPLETED","2ND DIVISION","223","RESIDENCE / HOME","1500 BLOCK W ORMSBY AVE                                     ","LOUISVILLE","40210"
"80-22-030633","2022-06-03 01:28:00","2022-06-03 00:46:00","ASSAULT","ANTI-JEWISH                                  ","","TERRORISTIC THREATENING 2ND DEGREE","13C","PART II","COMPLETED","5TH DIVISION","514","COMMUNITY CENTER","3600 BLOCK DUTCHMANS LN                                     ","LOUISVILLE","40205"
"80-22-030751","2022-06-03 15:30:00","2022-06-03 14:30:00","ASSAULT","ANTI-BLACK                                   ","","TERRORISTIC THREATENING 3RD DEGREE","13C","PART II","COMPLETED","4TH DIVISION","436","RESIDENCE / HOME","0 BLOCK COLONIAL OAKS CT                                    ","LOUISVILLE","40214"
"80-22-030801","2022-06-03 19:55:00","2022-06-03 19:55:00","OTHER","ANTI-ARAB                                    ","","HARASSING COMMUNICATIONS","90Z","PART II","COMPLETED","8TH DIVISION","811","CYBERSPACE","11500 BLOCK TAZWELL DR                                      ","LOUISVILLE","40241"
"80-22-015469","2022-03-23 16:26:00","2022-03-23 16:00:00","ASSAULT","ANTI-JEWISH                                  ","","TERRORISTIC THREATENING 1ST DEGREE","13C","PART II","COMPLETED","5TH DIVISION","514","CHURCH / SYNAGOGUE / TEMPLE","3600 BLOCK DUTCHMANS LN                                     ","LOUISVILLE","40205"
